C2618faJ,S1234567A,12345678,null,Withdrawn,0
cupoc13h,S1234567A,12345678,null,Withdrawn,0
k3HVrMsz,S1234567A,12345678,null,Withdrawn,1
772ehAR0,S1234567A,12345678,null,Withdrawn,0
Vfgyws6d,S1234567A,12345678,null,Withdrawn,0
wMAiBOii,T2109876H,12345678,null,Withdrawn,0
XBxcYfjC,S1234567A,12345678,null,Withdrawn,0
Wrvvmoyw,S1234567A,12345678,null,Withdrawn,1
gFpqMhKS,S1234567A,12345678,null,Withdrawn,0
v2Bsfv6v,S1234567A,12345678,null,Withdrawn,0
HBIeKhOh,S1234567A,12345678,null,Withdrawn,0
mT2ud68r,S1234567A,23456789,null,Withdrawn,0
lQR9FYhQ,S1234567A,12345678,null,Withdrawn,0
Z7jpoh1s,S1234567A,12345678,null,Pending,0
